path,size_bytes,sha256
checkpoints/iter_240.pt,12800447397,78e3b0331b343250a0268239b5fa1a0b2c6a67ac8b375718c9a49483d1eead96
run_config.json,1278,01bdd4843f7a7c95c2e89ef1201c555a2e41109e19070f6a05baeda92d770c27
environment.json,1003,7b510f6e07995444b68430944bb08c04196d38b78325b151d8d5ea37e97800be
summary.txt,298,753baa671f98dd94d73540440158cb45f9aabe9caecb45bb2f3007f6c12d94c7
train.log,18580,fcd8ca01fc8e10b2bc5479d47b31e89cf7330c6d11b4e218619c74177e4a81de
iteration_metrics.csv,80661,ce0969efaecf649e9e67245b4613eed472c9f3fa897ef0570f09da50b54d45c5
metrics.csv,8320,5b0075a4880400b60a2a53179049612d33b6c0f11794134c4c32354698110f5a
strategy_snapshots/modified-hulhe-k10-u8-grouped_iter_1.pt,6729459,0762af178cf32f54d4d64de441634f5e80dc2a49a8297d2676d59e78cd44f649
strategy_snapshots/modified-hulhe-k10-u8-grouped_iter_100.pt,6729459,43cd83c1c3f0e7aa64814b73770be744a7dcb6593dffc09aa3e492cf9b7afd9d
strategy_snapshots/modified-hulhe-k10-u8-grouped_iter_110.pt,6729459,b5451f7a8dae6bbe7f24a454f44cd1d30a2fafffa9bdd30d746796030c887346
strategy_snapshots/modified-hulhe-k10-u8-grouped_iter_120.pt,6729459,2bb18a8d2238de63796a241946743199509a5f52404b810bf206f9bbd47fd07b
strategy_snapshots/modified-hulhe-k10-u8-grouped_iter_130.pt,6729459,8ec0d2c8578b897ed94e1a43cfa1c5561cf2e38e3b7b83a6df738c1578ffd44d
strategy_snapshots/modified-hulhe-k10-u8-grouped_iter_140.pt,6729459,0d0100fa31a308c6e34556a4891e648d2dc287d5b88e10e2ba15bde4322cdef1
strategy_snapshots/modified-hulhe-k10-u8-grouped_iter_150.pt,6729459,ad910bd0fe94ba940553d3362cf047619dfa427a6b3ca2ef5136e4327b89bd43
strategy_snapshots/modified-hulhe-k10-u8-grouped_iter_160.pt,6729459,2665a75f420d8d1379a45d224c7b320c0ce3377f76759561e4aec85910ca61d2
strategy_snapshots/modified-hulhe-k10-u8-grouped_iter_170.pt,6729459,4af097b5a1332394209db4c07d83e0bfba852cdd9e4549655fc054860ca06a81
strategy_snapshots/modified-hulhe-k10-u8-grouped_iter_180.pt,6729459,ffbc27e046fc3a060b95ccab04ec284b57b3e266e98cf503083c49db3608526f
strategy_snapshots/modified-hulhe-k10-u8-grouped_iter_190.pt,6729459,49836dcba2e9b6c2d7982ddbb5b12c668e90a49aba9f3bfe764c201225d611f2
strategy_snapshots/modified-hulhe-k10-u8-grouped_iter_2.pt,6729459,34d2549585d5fc0a1b7686fe4a1338ded651e811bf2a19c6298498d38c2a7626
strategy_snapshots/modified-hulhe-k10-u8-grouped_iter_20.pt,6729459,e08639c67dec0c20c0808409801a924358f3720b950b59562d29e5d42565fe23
strategy_snapshots/modified-hulhe-k10-u8-grouped_iter_200.pt,6729459,23f9d9e0caf9ac33415e0928349f8412a53fcce93ecb7c8b3b4357b061134ea4
strategy_snapshots/modified-hulhe-k10-u8-grouped_iter_210.pt,6729459,dda95253054697892b6488a75fabf92015e62e4f2182cc8310a0e88cbe65bc21
strategy_snapshots/modified-hulhe-k10-u8-grouped_iter_220.pt,6729459,1425ebaeb71c5de97f5f134bd4e87cde0307fc32e8c70d2707417e3d15c10ac3
strategy_snapshots/modified-hulhe-k10-u8-grouped_iter_230.pt,6729459,9f98c8a739ecaa24742defcf185fe06d5fda98ecb3f2ff971cd5b0a502719ad6
strategy_snapshots/modified-hulhe-k10-u8-grouped_iter_240.pt,6729459,66bc075c154ecca70ccc54e3f5ec841de8f1be904aeda31011bb91358265f977
strategy_snapshots/modified-hulhe-k10-u8-grouped_iter_40.pt,6729459,5e26fd4bc51be3e380eb83ecdb39792b4b8cda09ee7ceace3859fab249b5b8d9
strategy_snapshots/modified-hulhe-k10-u8-grouped_iter_5.pt,6729459,1875e26252e55baa715fcbf14cdd970ad934eec704ea1e7f7b8b49a54317757f
strategy_snapshots/modified-hulhe-k10-u8-grouped_iter_50.pt,6729459,da76faf5e129191723b1378cf8c5f8ca14f3b0a4a46b4b73b129d5b0d5ac0e9a
strategy_snapshots/modified-hulhe-k10-u8-grouped_iter_60.pt,6729459,b7f6df92950aa7852bed16ff69c4458ced8f1aa3463eb3810d1cd9c1895660ae
strategy_snapshots/modified-hulhe-k10-u8-grouped_iter_70.pt,6729459,2a488e1ba2d1cd1bbebbd12a108d24d5dc357a4a0f153384029780709eab2d95
strategy_snapshots/modified-hulhe-k10-u8-grouped_iter_80.pt,6729459,b4c7ea425ff910ef92846b5554595d9bb6c498c75c281dbe945269081ee0a005
strategy_snapshots/modified-hulhe-k10-u8-grouped_iter_90.pt,6729459,6297add5923ca9a965c51f0c095e76cd1efd6f88e70def22fe5c84d1621620bd
evaluation/final_analysis/FINAL_REPORT.md,6274,1d9fde36a1729ea4ae252d82a8d714043cf1e7a894817e9d1a3ff4f70fccca13
evaluation/final_analysis/advantage_losses.png,148273,f1c475bb1265a6314d9a2e0a8bddf88428e3b9205ab27700514007f9a71168dd
evaluation/final_analysis/milestone_summary.csv,4199,43d0c416570d690b6a00f0a7e6af851e56d8fb2328367dd81a482749f3d3edf0
evaluation/final_analysis/paired_differences.csv,852,f199aa1b7e58165f037387903032a263613a9da4b2624278c086efc8f9ec44e9
evaluation/final_analysis/paired_differences.json,2510,0543c4f0503c5dcc1ac36001894455cad7c4cba0f21b17258c3bd5c11ba04280
evaluation/final_analysis/phase_times.png,131536,845b695716e35d2df3a78c5f7e12ca1417d4fcb0d4fc4d34cbe3c66eac0df92b
evaluation/final_analysis/policy_evaluations.csv,12333,379fb2135b2b5c75f9934baab983cead2f2961bfc4a8886488988993dca45336
evaluation/final_analysis/policy_progression.png,78458,822ccb7688f238cf94e096a8cde2414323c421e4ddc09a1e39945ca07df9d2c0
evaluation/final_analysis/reservoir_growth.png,99816,5e94c620058097c082380c6df0b899771adb7a1f014b0db547dc535ce37e7406
evaluation/final_analysis/run_summary.json,2350,8983ccc8dff276ad6911ada7cf067d1ebbbd097edd1cea203a7054543d9420a9
evaluation/final_analysis/snapshot_progression.png,85527,c1f43bf2c8dc24a0439885c5285a07935ad1e73b1a1716b2f60dcd92cf4ecf61
evaluation/final_analysis/training_iterations.csv,80661,ce0969efaecf649e9e67245b4613eed472c9f3fa897ef0570f09da50b54d45c5
