game,game_version,solver,run_id,strategy_snapshot_id,iteration,seed,elapsed_training_seconds,iteration_seconds,traversal_seconds,advantage_training_seconds,strategy_training_seconds,player_zero_advantage_training_loss,player_zero_advantage_validation_loss,player_one_advantage_training_loss,player_one_advantage_validation_loss,strategy_training_loss,strategy_validation_loss,player_zero_advantage_samples_retained,player_zero_advantage_samples_seen,player_one_advantage_samples_retained,player_one_advantage_samples_seen,strategy_samples_retained,strategy_samples_seen,process_rss_bytes,cuda_peak_allocated_bytes,cuda_peak_reserved_bytes,free_disk_bytes
holdem,modified_hulhe,optimised,modified-hulhe-k10-u8-grouped,modified-hulhe-k10-u8-grouped_iter_1,1,20260811,375.40218466706574,376.83128308388405,26.333664522971958,279.48781726602465,69.58064386597835,0.008681629784405231,2.020425796508789,1.6429495811462402,35.704322814941406,9.66830975812627e-06,0.29263120889663696,30000,30000,216533,216533,294888,294888,1929416704,282922496,616562688,199742657385
holdem,modified_hulhe,optimised,modified-hulhe-k10-u8-grouped,modified-hulhe-k10-u8-grouped_iter_2,2,20260811,741.7122742792126,367.9614158621989,26.73006169591099,268.4771623548586,71.10282745887525,0.36997464299201965,56.70391845703125,3.18333101272583,73.3985824584961,0.023884102702140808,0.5550844073295593,69751,69751,429666,429666,608749,608749,2109796352,296370688,629145600,199237408176
holdem,modified_hulhe,optimised,modified-hulhe-k10-u8-grouped,,3,20260811,1039.7195828771219,300.24870621203445,26.216975454008207,271.79031226504594,0.0,0.21000856161117554,67.60028076171875,4.397898197174072,56.031005859375,,,127543,127543,602109,602109,906165,906165,2335449088,309818880,643825664,198514339562
holdem,modified_hulhe,optimised,modified-hulhe-k10-u8-grouped,,4,20260811,1349.3166187980678,312.4945865110494,26.628270654007792,282.96871134615503,0.0,0.7507700324058533,68.73927307128906,5.6975812911987305,42.53873062133789,,,195567,195567,760371,760371,1208323,1208323,2623586304,309818880,643825664,197566379894
holdem,modified_hulhe,optimised,modified-hulhe-k10-u8-grouped,modified-hulhe-k10-u8-grouped_iter_5,5,20260811,1734.6807341082022,389.0855399449356,25.860707544256,283.83187670004554,75.67149585019797,1.6196684837341309,69.86180877685547,6.986132621765137,36.68010711669922,0.1286136656999588,0.277982622385025,267110,267110,912573,912573,1507722,1507722,2780774400,309818880,643825664,196382326023
holdem,modified_hulhe,optimised,modified-hulhe-k10-u8-grouped,,6,20260811,2051.639793298207,321.16881307121366,26.511226054048166,290.4477658001706,0.0,1.7923710346221924,71.5743637084961,7.535269260406494,30.476768493652344,,,343226,343226,1051201,1051201,1801362,1801362,2867892224,296370688,515899392,194041672447
holdem,modified_hulhe,optimised,modified-hulhe-k10-u8-grouped,,7,20260811,2369.380438989261,322.7362169439439,27.43963410402648,290.300916576758,0.0,2.7788639068603516,70.2916259765625,7.786452770233154,26.99625587463379,,,422946,422946,1193743,1193743,2103122,2103122,3086622720,303094784,522190848,192923498707
holdem,modified_hulhe,optimised,modified-hulhe-k10-u8-grouped,,8,20260811,2686.6458215911407,323.07073200307786,26.497283338103443,290.76804947992787,0.0,3.059612512588501,59.629947662353516,8.260481834411621,24.267887115478516,,,498816,498816,1333656,1333656,2397536,2397536,3325038592,303094784,522190848,191812745643
holdem,modified_hulhe,optimised,modified-hulhe-k10-u8-grouped,,9,20260811,3001.66825389117,321.34027532697655,27.227717636153102,287.79467534064315,0.0,3.2760884761810303,53.599849700927734,8.829649925231934,22.44401741027832,,,574828,574828,1472737,1472737,2692364,2692364,3522359296,303094784,522190848,190709872444
holdem,modified_hulhe,optimised,modified-hulhe-k10-u8-grouped,,10,20260811,3319.3362480180804,324.3588931891136,26.272843145066872,291.3951190011576,0.0,3.641308546066284,47.637359619140625,8.51443099975586,20.271276473999023,,,651608,651608,1597266,1597266,2975291,2975291,3732090880,303094784,522190848,189630280352
holdem,modified_hulhe,optimised,modified-hulhe-k10-u8-grouped,,11,20260811,3638.08025392727,326.1763009640854,26.860019376967102,291.8839439919684,0.0,3.7823874950408936,42.84990310668945,9.540658950805664,19.085525512695312,,,724852,724852,1729862,1729862,3260501,3260501,3937640448,303094784,522190848,186301148789
holdem,modified_hulhe,optimised,modified-hulhe-k10-u8-grouped,,12,20260811,3958.3828173892107,329.0076318711508,26.67349843424745,293.62898136791773,0.0,3.978428840637207,38.41910934448242,9.375113487243652,17.40560531616211,,,800814,800814,1853615,1853615,3539720,3539720,4134789120,303094784,522190848,185248117335
holdem,modified_hulhe,optimised,modified-hulhe-k10-u8-grouped,,13,20260811,4269.667200584197,320.0984109281562,25.458739389199764,285.82559196813963,0.0,3.948329210281372,35.413997650146484,9.409838676452637,16.70652198791504,,,872957,872957,1966396,1966396,3805978,3805978,4326068224,303094784,522190848,184220195705
holdem,modified_hulhe,optimised,modified-hulhe-k10-u8-grouped,,14,20260811,4578.124442552216,317.4965175909456,24.6858438460622,283.7713558510877,0.0,3.8332056999206543,32.49114227294922,9.609987258911133,15.535876274108887,,,943014,943014,2078441,2078441,4070279,4070279,4449697792,303094784,522190848,183219299674
holdem,modified_hulhe,optimised,modified-hulhe-k10-u8-grouped,,15,20260811,4888.8976437794045,320.63711882103235,25.296794920926914,285.4763717323076,0.0,3.851048231124878,28.785465240478516,9.724796295166016,14.812219619750977,,,1012829,1012829,2197482,2197482,4340662,4340662,4785975296,303094784,522190848,182229039805
holdem,modified_hulhe,optimised,modified-hulhe-k10-u8-grouped,,16,20260811,5197.426650263369,318.53730212990195,24.813767725834623,283.7152089921292,0.0,3.6840968132019043,27.136465072631836,9.729671478271484,13.885703086853027,,,1084408,1084408,2311853,2311853,4607001,4607001,4896010240,303094784,522190848,178008097102
holdem,modified_hulhe,optimised,modified-hulhe-k10-u8-grouped,,17,20260811,5508.486018687254,321.72744704200886,24.932160350959748,286.1271716149058,0.0,3.545865058898926,24.877872467041016,9.82926082611084,13.224085807800293,,,1149108,1149108,2425430,2425430,4867266,4867266,5095256064,303094784,522190848,177051514923
holdem,modified_hulhe,optimised,modified-hulhe-k10-u8-grouped,,18,20260811,5820.213931522332,323.2672861071769,24.89417724800296,286.83369833487086,0.0,3.435709238052368,23.755159378051758,9.420086860656738,12.776701927185059,,,1216623,1216623,2541234,2541234,5136148,5136148,5211049984,303094784,522190848,176094497098
holdem,modified_hulhe,optimised,modified-hulhe-k10-u8-grouped,,19,20260811,6135.961121334229,328.47781941783614,24.750092562986538,290.997025643941,0.0,3.2649154663085938,21.800395965576172,10.083539962768555,12.517348289489746,,,1283350,1283350,2653030,2653030,5397671,5397671,5459718144,303094784,522190848,175140183785
holdem,modified_hulhe,optimised,modified-hulhe-k10-u8-grouped,modified-hulhe-k10-u8-grouped_iter_20,20,20260811,6546.950556616299,423.2855479659047,25.301569781964645,296.1215083959978,89.56628877390176,3.1784393787384033,20.668296813964844,9.666155815124512,11.50855541229248,0.05318868160247803,0.07743880152702332,1348525,1348525,2774669,2774669,5667040,5667040,5799055360,303094784,522190848,174173711615
holdem,modified_hulhe,optimised,modified-hulhe-k10-u8-grouped,,21,20260811,7528.996835145168,994.6915652011521,500.4942337300163,481.55195206287317,0.0,3.072870969772339,19.47426414489746,9.199015617370605,11.126823425292969,,,1411421,1411421,2901602,2901602,5940228,5940228,5514027008,296370688,515899392,168982274145
holdem,modified_hulhe,optimised,modified-hulhe-k10-u8-grouped,,22,20260811,8810.20101078297,1295.4140961871017,985.2062112090643,295.9978399828542,0.0,2.8902792930603027,18.807411193847656,9.1513032913208,10.771203994750977,,,1475610,1475610,3021794,3021794,6211043,6211043,5772992512,303094784,522190848,168017605342
holdem,modified_hulhe,optimised,modified-hulhe-k10-u8-grouped,,23,20260811,9446.79463963001,651.204839044949,318.3147002989426,318.2788719309028,0.0,2.7686803340911865,17.660642623901367,8.863273620605469,10.279784202575684,,,1533965,1533965,3150517,3150517,6481669,6481669,5972221952,303094784,522190848,167050595963
holdem,modified_hulhe,optimised,modified-hulhe-k10-u8-grouped,,24,20260811,9754.910188839072,324.5609773271717,15.80950606893748,292.30597264599055,0.0,2.666196346282959,16.512929916381836,8.41191577911377,9.766589164733887,,,1592962,1592962,3288898,3288898,6763341,6763341,6477611008,296370688,515899392,184047891323
holdem,modified_hulhe,optimised,modified-hulhe-k10-u8-grouped,,25,20260811,10061.838122151094,322.85723952087574,15.876695472979918,291.051073777955,0.0,2.585818290710449,15.92530632019043,8.195115089416504,9.160660743713379,,,1656497,1656497,3417368,3417368,7042059,7042059,6672068608,303094784,522190848,183847554716
holdem,modified_hulhe,optimised,modified-hulhe-k10-u8-grouped,,26,20260811,10366.805020008003,321.5190877739806,15.539666194235906,289.42719786800444,0.0,2.466362714767456,14.939725875854492,8.060970306396484,8.999024391174316,,,1718223,1718223,3548934,3548934,7319943,7319943,6871875584,303094784,522190848,183647026525
holdem,modified_hulhe,optimised,modified-hulhe-k10-u8-grouped,,27,20260811,10674.543030503904,325.173023781972,15.728452543029562,292.00951447105035,0.0,2.383749485015869,14.517168045043945,7.6306562423706055,8.571078300476074,,,1776438,1776438,3692337,3692337,7606638,7606638,7088005120,303094784,522190848,183439206203
holdem,modified_hulhe,optimised,modified-hulhe-k10-u8-grouped,,28,20260811,10989.079236188903,333.0883302509319,15.916308676358312,298.6198313247878,0.0,2.2681360244750977,13.875577926635742,7.6969451904296875,8.550527572631836,,,1837480,1837480,3839374,3839374,7900649,7900649,7294316544,303094784,522190848,183225523450
holdem,modified_hulhe,optimised,modified-hulhe-k10-u8-grouped,,29,20260811,11301.282816712977,330.06535377097316,15.55969257792458,296.6438442352228,0.0,2.222119092941284,13.48509693145752,7.242679595947266,8.004900932312012,,,1899457,1899457,3981756,3981756,8190965,8190965,7502221312,303094784,522190848,183014995671
holdem,modified_hulhe,optimised,modified-hulhe-k10-u8-grouped,,30,20260811,11615.91246424499,332.9045528159477,15.88114425423555,298.74842349789105,0.0,2.1775293350219727,12.90810489654541,6.827625751495361,7.51047945022583,,,1961253,1961253,4116527,4116527,8471861,8471861,7755948032,303094784,522190848,182811792536
holdem,modified_hulhe,optimised,modified-hulhe-k10-u8-grouped,,31,20260811,11942.149576266995,345.7475740988739,16.446814795956016,309.7902527709957,0.0,2.03584361076355,12.456578254699707,6.809980869293213,7.543312072753906,,,2024441,2024441,4272308,4272308,8774086,8774086,8025796608,303094784,522190848,176364239209
holdem,modified_hulhe,optimised,modified-hulhe-k10-u8-grouped,,32,20260811,12270.095962936059,347.65614669700153,16.261127918958664,311.6852078840602,0.0,2.04899263381958,11.759820938110352,6.817999839782715,7.319411754608154,,,2083341,2083341,4421419,4421419,9069151,9069151,8255647744,303094784,522190848,176150136298
holdem,modified_hulhe,optimised,modified-hulhe-k10-u8-grouped,,33,20260811,12581.5705594779,332.0461702409666,15.708329781657085,295.7662271140143,0.0,1.946826457977295,11.32784366607666,6.634577751159668,7.2050933837890625,,,2141537,2141537,4566548,4566548,9355162,9355162,8457461760,303094784,522190848,175941881929
holdem,modified_hulhe,optimised,modified-hulhe-k10-u8-grouped,,34,20260811,12892.207586207893,331.62543268478476,15.92535283206962,294.7116418159567,0.0,1.8714491128921509,10.982444763183594,6.314867973327637,6.882260799407959,,,2206256,2206256,4694405,4694405,9629016,9629016,8534323200,303094784,522190848,175743374795
holdem,modified_hulhe,optimised,modified-hulhe-k10-u8-grouped,,35,20260811,13205.811235128902,335.3768859200645,15.865002758102491,297.73861013702117,0.0,1.8025918006896973,10.8966703414917,6.336636543273926,6.704411506652832,,,2270165,2270165,4832549,4832549,9915629,9915629,8801021952,303094784,522190848,175535404777
holdem,modified_hulhe,optimised,modified-hulhe-k10-u8-grouped,,36,20260811,13517.127981901867,333.3063074059319,15.32055461476557,295.99615110014565,0.0,1.7555806636810303,10.211128234863281,6.131786346435547,6.576548099517822,,,2329918,2329918,4959885,4959885,10000000,10184026,8839856128,303094784,522190848,175419949097
holdem,modified_hulhe,optimised,modified-hulhe-k10-u8-grouped,,37,20260811,13826.720562212868,331.4297307129018,15.69938413402997,293.89316229405813,0.0,1.7093441486358643,9.935304641723633,5.8948140144348145,6.367130279541016,,,2394464,2394464,5084813,5084813,10000000,10459365,8923217920,303094784,522190848,175339421957
holdem,modified_hulhe,optimised,modified-hulhe-k10-u8-grouped,,38,20260811,14140.181860459037,335.90462172520347,17.16092478390783,296.30033314600587,0.0,1.6646679639816284,9.833341598510742,5.5845866203308105,6.08786678314209,,,2456087,2456087,5255209,5255209,10000000,10778439,9018159104,303094784,522190848,175240813443
holdem,modified_hulhe,optimised,modified-hulhe-k10-u8-grouped,,39,20260811,14451.191853339085,333.59721438004635,15.67407362908125,295.33588066790253,0.0,1.6245416402816772,9.276718139648438,5.551155090332031,6.005069255828857,,,2512157,2512157,5392370,5392370,10000000,11054467,9165217792,303094784,522190848,175158689567
holdem,modified_hulhe,optimised,modified-hulhe-k10-u8-grouped,modified-hulhe-k10-u8-grouped_iter_40,40,20260811,14861.084447853267,432.7120255259797,15.547546713845804,297.32680104114115,97.0181915271096,1.5718755722045898,9.074310302734375,5.43843412399292,5.839550495147705,0.08230753988027573,0.09661641716957092,2570085,2570085,5527209,5527209,10000000,11328802,9239764992,303094784,522190848,175063304726
holdem,modified_hulhe,optimised,modified-hulhe-k10-u8-grouped,,41,20260811,15181.096738155233,342.0647967699915,16.01623154222034,303.99599282699637,0.0,1.5668656826019287,8.995311737060547,5.413050651550293,5.7223429679870605,,,2630086,2630086,5663022,5663022,10000000,11610188,9282441216,296370688,515899392,174986809734
holdem,modified_hulhe,optimised,modified-hulhe-k10-u8-grouped,,42,20260811,15498.214217631146,340.37132935994305,15.68045530631207,301.4369441079907,0.0,1.5221455097198486,8.544412612915039,5.156013011932373,5.532975196838379,,,2690343,2690343,5794596,5794596,10000000,11888659,9360605184,303094784,522190848,174905281091
holdem,modified_hulhe,optimised,modified-hulhe-k10-u8-grouped,,43,20260811,15814.80320511898,339.70627322793007,15.961987840244547,300.62696515209973,0.0,1.4836610555648804,8.620022773742676,5.145261764526367,5.439016819000244,,,2745823,2745823,5939639,5939639,10000000,12172867,9446027264,303094784,522190848,174820058305
holdem,modified_hulhe,optimised,modified-hulhe-k10-u8-grouped,,44,20260811,16127.82369021792,336.403649126878,14.972871216014028,298.04758001095615,0.0,1.4672932624816895,8.254768371582031,4.964358806610107,5.39784574508667,,,2803163,2803163,6060978,6060978,10000000,12431994,9584128000,303094784,522190848,174744118941
holdem,modified_hulhe,optimised,modified-hulhe-k10-u8-grouped,,45,20260811,16442.891088890843,338.9765387410298,15.656332182930782,299.41103219706565,0.0,1.397804856300354,8.001140594482422,4.853641986846924,5.194238185882568,,,2860526,2860526,6204440,6204440,10000000,12714041,9607409664,303094784,522190848,174658767837
holdem,modified_hulhe,optimised,modified-hulhe-k10-u8-grouped,,46,20260811,16758.804876199923,339.4147401750088,16.113673583138734,299.80007886886597,0.0,1.3669922351837158,7.867766380310059,4.6859588623046875,5.0853590965271,,,2919159,2919159,6353813,6353813,10000000,13003895,9770889216,303094784,522190848,174570364858
holdem,modified_hulhe,optimised,modified-hulhe-k10-u8-grouped,,47,20260811,17076.80772797996,342.58976137801073,15.981523810885847,302.02128954580985,0.0,1.3531098365783691,7.69589376449585,4.6364240646362305,4.92088508605957,,,2980783,2980783,6494021,6494021,10000000,13286386,9847365632,303094784,522190848,174484585656
holdem,modified_hulhe,optimised,modified-hulhe-k10-u8-grouped,,48,20260811,17394.266825470142,342.27045789686963,15.982968133874238,301.4760884779971,0.0,1.3539327383041382,7.54154109954834,4.538166046142578,4.829089641571045,,,3038014,3038014,6630578,6630578,10000000,13562154,9859493888,303094784,522190848,174402225207
holdem,modified_hulhe,optimised,modified-hulhe-k10-u8-grouped,,49,20260811,17712.39135515201,342.08282407792285,15.28731345385313,302.8371735068504,0.0,1.3260746002197266,7.5196661949157715,4.407160758972168,4.7715067863464355,,,3094259,3094259,6758420,6758420,10000000,13828948,9941762048,303094784,522190848,174323987669
holdem,modified_hulhe,optimised,modified-hulhe-k10-u8-grouped,modified-hulhe-k10-u8-grouped_iter_50,50,20260811,18126.423054127954,438.92124973097816,15.466134705813602,301.6225220821798,96.94298660405912,1.293779730796814,7.248298168182373,4.369946479797363,4.675362586975098,0.14474736154079437,0.1600547730922699,3151943,3151943,6891700,6891700,10000000,14099695,10073448448,303094784,522190848,174229368884
holdem,modified_hulhe,optimised,modified-hulhe-k10-u8-grouped,,51,20260811,18442.761826375965,341.1450189789757,15.56142196431756,300.7772751110606,0.0,1.2712948322296143,7.07959508895874,4.334974765777588,4.533561706542969,,,3209385,3209385,7028891,7028891,10000000,14376132,10063867904,296370688,515899392,174153375750
holdem,modified_hulhe,optimised,modified-hulhe-k10-u8-grouped,,52,20260811,18759.86318654497,342.14397617802024,15.175204063067213,301.92609503190033,0.0,1.2227222919464111,6.764954566955566,4.318683624267578,4.5290093421936035,,,3261950,3261950,7165594,7165594,10000000,14650260,10270306304,303094784,522190848,174072936204
holdem,modified_hulhe,optimised,modified-hulhe-k10-u8-grouped,,53,20260811,19094.915425389074,360.9482129148673,16.70956127718091,318.342616652837,0.0,1.2007336616516113,6.983080863952637,4.186169624328613,4.441446304321289,,,3319610,3319610,7307427,7307427,10000000,14936441,10229686272,303094784,522190848,173988151111
holdem,modified_hulhe,optimised,modified-hulhe-k10-u8-grouped,,54,20260811,19422.126987244934,353.22103912802413,16.886866113869473,310.32465266180225,0.0,1.1755136251449585,6.6030731201171875,4.052760601043701,4.315996170043945,,,3378150,3378150,7462867,7462867,10000000,15233898,10384642048,303094784,522190848,173897209158
holdem,modified_hulhe,optimised,modified-hulhe-k10-u8-grouped,,55,20260811,19752.530816742918,357.23956456803717,16.46554023702629,313.9382516811602,0.0,1.165986180305481,6.512619495391846,3.9045569896698,4.213451862335205,,,3433517,3433517,7607453,7607453,10000000,15517397,10533101568,303094784,522190848,173812228511
holdem,modified_hulhe,optimised,modified-hulhe-k10-u8-grouped,,56,20260811,20086.40163324587,360.85380080598406,16.28095617191866,317.5898236401845,0.0,1.1219840049743652,6.469348430633545,3.947377920150757,4.175191879272461,,,3493646,3493646,7755714,7755714,10000000,15806115,10491895808,303094784,522190848,173723662304
holdem,modified_hulhe,optimised,modified-hulhe-k10-u8-grouped,,57,20260811,20422.87902390398,363.5448223911226,15.319063063943759,321.1582876490429,0.0,1.1056902408599854,6.212379455566406,3.8094279766082764,4.048689365386963,,,3550780,3550780,7873765,7873765,10000000,16066755,10626736128,303094784,522190848,173649208030
holdem,modified_hulhe,optimised,modified-hulhe-k10-u8-grouped,,58,20260811,20752.248391299974,357.263541766908,16.449429595842957,312.9198945071548,0.0,1.0924681425094604,6.183801174163818,3.7786428928375244,4.087944507598877,,,3608296,3608296,8022460,8022460,10000000,16362689,10714959872,303094784,522190848,173561567738
holdem,modified_hulhe,optimised,modified-hulhe-k10-u8-grouped,,59,20260811,21081.804034831002,356.80906186788343,16.135617519030347,313.4199861767702,0.0,1.0725276470184326,5.955392837524414,3.741518974304199,4.0329437255859375,,,3665503,3665503,8172437,8172437,10000000,16650324,10739421184,303094784,522190848,173473514103
holdem,modified_hulhe,optimised,modified-hulhe-k10-u8-grouped,modified-hulhe-k10-u8-grouped_iter_60,60,20260811,21513.11064493982,459.62965421006083,15.65882696188055,316.85426078899764,98.79346605110914,1.0818474292755127,5.909231662750244,3.579322576522827,3.8506929874420166,0.18306834995746613,0.19095076620578766,3724045,3724045,8307768,8307768,10000000,16926932,10989285376,303094784,522190848,173377658986
holdem,modified_hulhe,optimised,modified-hulhe-k10-u8-grouped,,61,20260811,21839.829772137804,353.55826256307773,15.620859533082694,311.0981979337521,0.0,1.0540995597839355,5.744071960449219,3.6484310626983643,3.8553202152252197,,,3778589,3778589,8451926,8451926,10000000,17209715,10982662144,296370688,515899392,163886007435
holdem,modified_hulhe,optimised,modified-hulhe-k10-u8-grouped,,62,20260811,22170.571363912895,360.3128389448393,15.465722220949829,315.27573091280647,0.0,1.0433413982391357,5.857429504394531,3.671689748764038,3.8499112129211426,,,3835277,3835277,8592268,8592268,10000000,17492646,11114946560,303094784,522190848,163802269381
holdem,modified_hulhe,optimised,modified-hulhe-k10-u8-grouped,,63,20260811,22500.586227707798,358.3519344490487,15.761154263047501,314.2536643790081,0.0,1.0127935409545898,5.617754936218262,3.5498857498168945,3.7765655517578125,,,3891050,3891050,8727653,8727653,10000000,17770496,11115814912,303094784,522190848,163721026560
holdem,modified_hulhe,optimised,modified-hulhe-k10-u8-grouped,,64,20260811,22830.760444703745,359.35583983990364,16.656750075053424,313.5174272041768,0.0,1.0045167207717896,5.520665645599365,3.419569492340088,3.660804510116577,,,3951612,3951612,8881350,8881350,10000000,18075640,11221164032,303094784,522190848,163629965914
holdem,modified_hulhe,optimised,modified-hulhe-k10-u8-grouped,,65,20260811,23162.953796304762,360.9183050508145,16.163629289716482,316.0296850800514,0.0,1.001558542251587,5.463418483734131,3.357665538787842,3.5695412158966064,,,4006727,4006727,9029738,9029738,10000000,18363377,11304906752,303094784,522190848,163543476566
holdem,modified_hulhe,optimised,modified-hulhe-k10-u8-grouped,,66,20260811,23493.90514985798,359.3128898909781,15.40726815792732,315.54404446599074,0.0,0.9688101410865784,5.352352619171143,3.3459970951080322,3.574906826019287,,,4062822,4062822,9161540,9161540,10000000,18637736,11437322240,303094784,522190848,163463619859
holdem,modified_hulhe,optimised,modified-hulhe-k10-u8-grouped,,67,20260811,23826.550229689805,362.1917780919466,15.500982164172456,317.1440559788607,0.0,0.9637793898582458,5.293638706207275,3.295210123062134,3.5539584159851074,,,4117916,4117916,9289893,9289893,10000000,18907987,11453235200,303094784,522190848,163385654352
holdem,modified_hulhe,optimised,modified-hulhe-k10-u8-grouped,,68,20260811,24162.16921326681,365.296967352042,15.11826762324199,320.5006766289007,0.0,0.9426972270011902,5.1829071044921875,3.1923153400421143,3.3765616416931152,,,4174000,4174000,9418829,9418829,10000000,19180290,11587256320,303094784,522190848,163307020203
holdem,modified_hulhe,optimised,modified-hulhe-k10-u8-grouped,,69,20260811,24494.252495745895,2076.734258940909,15.155747997108847,316.9274973932188,0.0,0.9137460589408875,5.212955951690674,3.2721550464630127,3.3553569316864014,,,4228421,4228421,9553639,9553639,10000000,19455404,11682078720,303094784,522190848,163226596179
holdem,modified_hulhe,optimised,modified-hulhe-k10-u8-grouped,modified-hulhe-k10-u8-grouped_iter_70,70,20260811,24926.05966566177,1014.9536518929526,15.847313364036381,318.15637576323934,97.80341732804663,0.91556316614151,4.977453231811523,3.1287782192230225,3.2800023555755615,0.19812330603599548,0.20759135484695435,4286111,4286111,9698223,9698223,10000000,19750045,11812413440,303094784,522190848,163127170602
holdem,modified_hulhe,optimised,modified-hulhe-k10-u8-grouped,,71,20260811,25259.62380642374,363.5316708430182,15.925345618277788,317.6387189999223,0.0,0.9063906073570251,4.986198902130127,3.1718249320983887,3.321202278137207,,,4340380,4340380,9839245,9839245,10000000,20032682,11915927552,296370688,515899392,163050898095
holdem,modified_hulhe,optimised,modified-hulhe-k10-u8-grouped,,72,20260811,25592.326553043677,363.512381156208,16.371375301852822,316.33130280999467,0.0,0.8875062465667725,4.940249443054199,3.0854427814483643,3.2517292499542236,,,4395233,4395233,9995542,9995542,10000000,20336057,11931959296,303094784,522190848,162961158508
holdem,modified_hulhe,optimised,modified-hulhe-k10-u8-grouped,,73,20260811,25925.832743241685,364.39854208682664,15.457663152134046,318.0484906269703,0.0,0.8768407702445984,4.87872314453125,3.5323100090026855,3.609499454498291,,,4455532,4455532,10000000,10123181,10000000,20612070,11963572224,303094784,522190848,162933636294
holdem,modified_hulhe,optimised,modified-hulhe-k10-u8-grouped,,74,20260811,26262.170539598912,939.1793143940158,16.43059724289924,319.9071251938585,0.0,0.8647409677505493,4.769468784332275,4.137447357177734,4.421659469604492,,,4512690,4512690,10000000,10274162,10000000,20912356,11920449536,303094784,522190848,162909343460
holdem,modified_hulhe,optimised,modified-hulhe-k10-u8-grouped,,75,20260811,26597.22040081001,364.9839297661092,16.01484956801869,319.03496031393297,0.0,0.8481326103210449,4.705507278442383,4.922175407409668,5.251964092254639,,,4569273,4569273,10000000,10417098,10000000,21202995,11941437440,303094784,522190848,162885295136
holdem,modified_hulhe,optimised,modified-hulhe-k10-u8-grouped,,76,20260811,26928.59434057516,361.5457143790554,15.57215050025843,315.8017537880223,0.0,0.8432022929191589,4.709011554718018,5.338989734649658,6.0985918045043945,,,4625043,4625043,10000000,10554923,10000000,21487248,11964526592,303094784,522190848,162861592412
holdem,modified_hulhe,optimised,modified-hulhe-k10-u8-grouped,,77,20260811,27258.74631950818,360.554120112909,15.756620188010857,314.39532793709077,0.0,0.8283362984657288,4.629870414733887,6.0016961097717285,6.483676433563232,,,4681275,4681275,10000000,10697133,10000000,21776921,11989712896,303094784,522190848,162837693175
holdem,modified_hulhe,optimised,modified-hulhe-k10-u8-grouped,,78,20260811,27593.838227915112,366.34925392083824,15.563081990694627,319.52879100083373,0.0,0.811447024345398,4.518141269683838,6.557122707366943,7.121689796447754,,,4742830,4742830,10000000,10828593,10000000,22056748,12079017984,303094784,522190848,162811531826
holdem,modified_hulhe,optimised,modified-hulhe-k10-u8-grouped,,79,20260811,27929.5492648473,366.6920302580111,16.152345887152478,319.55865385499783,0.0,0.8056738972663879,4.4799394607543945,7.193698406219482,7.682943344116211,,,4800005,4800005,10000000,10978072,10000000,22356735,12104527872,303094784,522190848,162787231916
holdem,modified_hulhe,optimised,modified-hulhe-k10-u8-grouped,modified-hulhe-k10-u8-grouped_iter_80,80,20260811,28362.037775305333,463.48531088908203,16.442904563853517,318.5377870921511,97.50776544190012,0.7874813675880432,4.330728054046631,7.569155216217041,8.449268341064453,0.20944024622440338,0.21907645463943481,4855196,4855196,10000000,11124862,10000000,22652745,12172414976,303094784,522190848,162750316574
holdem,modified_hulhe,optimised,modified-hulhe-k10-u8-grouped,,81,20260811,28695.66518182936,365.03121930686757,16.14499598206021,317.4823380250018,0.0,0.7767491936683655,4.275889873504639,8.021215438842773,8.679945945739746,,,4909874,4909874,10000000,11272169,10000000,22943577,12106608640,296370688,515899392,162733804387
holdem,modified_hulhe,optimised,modified-hulhe-k10-u8-grouped,,82,20260811,29027.408882860327,362.97522843792103,16.39323930302635,315.35038994415663,0.0,0.7822874784469604,4.292822360992432,8.544468879699707,9.357789039611816,,,4971371,4971371,10000000,11415377,10000000,23237798,12150747136,303094784,522190848,162707667582
holdem,modified_hulhe,optimised,modified-hulhe-k10-u8-grouped,,83,20260811,29361.042984685395,365.0242862009909,16.31943414104171,317.3146326970309,0.0,0.7560448050498962,4.200541019439697,8.95106029510498,10.16745662689209,,,5028367,5028367,10000000,11563395,10000000,23533292,12125728768,303094784,522190848,162683443896
holdem,modified_hulhe,optimised,modified-hulhe-k10-u8-grouped,,84,20260811,29693.644853173522,363.54937551310286,15.74972953624092,316.8521022328641,0.0,0.7490664720535278,4.16491174697876,9.273125648498535,9.868210792541504,,,5083580,5083580,10000000,11691592,10000000,23808692,12191125504,303094784,522190848,162659977781
holdem,modified_hulhe,optimised,modified-hulhe-k10-u8-grouped,,85,20260811,30024.794276173692,362.7796759419143,15.994421291165054,315.1549694680143,0.0,0.7426449060440063,4.0859055519104,9.529526710510254,10.513521194458008,,,5140649,5140649,10000000,11828159,10000000,24097998,12218699776,303094784,522190848,162635722929
holdem,modified_hulhe,optimised,modified-hulhe-k10-u8-grouped,,86,20260811,30358.591197361704,365.49666055012494,15.542764178011566,318.2541176439263,0.0,0.7409646511077881,4.1367645263671875,10.106261253356934,10.604790687561035,,,5193538,5193538,10000000,11960145,10000000,24373204,12229652480,303094784,522190848,162613244526
holdem,modified_hulhe,optimised,modified-hulhe-k10-u8-grouped,,87,20260811,30694.4256005208,368.1731106778607,15.883543188683689,319.95078732282855,0.0,0.727963387966156,4.016655921936035,10.270156860351562,11.443727493286133,,,5251082,5251082,10000000,12101875,10000000,24668468,12249665536,303094784,522190848,162588787780
holdem,modified_hulhe,optimised,modified-hulhe-k10-u8-grouped,,88,20260811,31041.7139867628,378.59916183701716,15.195816159946844,332.09248898900114,0.0,0.7169310450553894,3.993324041366577,10.65999984741211,11.764113426208496,,,5311156,5311156,10000000,12225857,10000000,24944106,12293734400,303094784,522190848,162563255743
holdem,modified_hulhe,optimised,modified-hulhe-k10-u8-grouped,,89,20260811,31384.232112231897,374.21150170988403,16.602898738812655,325.915133924922,0.0,0.7086209058761597,3.9570186138153076,11.196557998657227,11.672079086303711,,,5363847,5363847,10000000,12374362,10000000,25237733,12316913664,303094784,522190848,162540861625
holdem,modified_hulhe,optimised,modified-hulhe-k10-u8-grouped,modified-hulhe-k10-u8-grouped_iter_90,90,20260811,31818.136112905806,466.32314125518315,15.439721695845947,319.5262878832873,98.93790631508455,0.7025321125984192,3.881120204925537,11.402376174926758,11.965781211853027,0.21410121023654938,0.22206610441207886,5420001,5420001,10000000,12505072,10000000,25521506,12494508032,303094784,522190848,162503536935
holdem,modified_hulhe,optimised,modified-hulhe-k10-u8-grouped,,91,20260811,32151.80500516179,365.9025655821897,15.852943775942549,317.81587124383077,0.0,0.6924124956130981,3.8379287719726562,11.97575855255127,12.378352165222168,,,5470766,5470766,10000000,12639221,10000000,25797644,12280410112,296370688,515899392,151634772352
holdem,modified_hulhe,optimised,modified-hulhe-k10-u8-grouped,,92,20260811,32488.38743625488,367.5955115398392,16.594530397793278,319.98783875699155,0.0,0.6883082985877991,3.8045084476470947,12.429100036621094,13.075152397155762,,,5529073,5529073,10000000,12793877,10000000,26107474,12395405312,303094784,522190848,151609991224
holdem,modified_hulhe,optimised,modified-hulhe-k10-u8-grouped,,93,20260811,32820.68116413592,365.11600033100694,15.670234050834551,316.6234509481583,0.0,0.6861245632171631,3.734736680984497,12.190927505493164,13.793534278869629,,,5589064,5589064,10000000,12929602,10000000,26395460,12419420160,303094784,522190848,151584494511
holdem,modified_hulhe,optimised,modified-hulhe-k10-u8-grouped,,94,20260811,33155.483598189894,367.4010009150952,15.851859274785966,318.9505348019302,0.0,0.6705175638198853,3.6937363147735596,12.64639949798584,14.086146354675293,,,5643947,5643947,10000000,13071114,10000000,26684393,12412706816,303094784,522190848,151561168615
holdem,modified_hulhe,optimised,modified-hulhe-k10-u8-grouped,,95,20260811,33495.09857475897,946.3161036150996,16.433501319028437,323.18143590399995,0.0,0.659841001033783,3.6895358562469482,12.911735534667969,14.207437515258789,,,5702742,5702742,10000000,13207384,10000000,26975878,12458815488,303094784,522190848,151536180227
holdem,modified_hulhe,optimised,modified-hulhe-k10-u8-grouped,,96,20260811,33830.344306932995,368.18105858401395,16.234708301955834,319.01098644081503,0.0,0.6509121656417847,3.621885061264038,13.466024398803711,14.115679740905762,,,5761481,5761481,10000000,13353715,10000000,27274713,12483739648,303094784,522190848,151511215577
holdem,modified_hulhe,optimised,modified-hulhe-k10-u8-grouped,,97,20260811,34169.133080211934,371.5141475519631,16.049156746128574,322.7395741830114,0.0,0.6597654819488525,3.55098032951355,13.521135330200195,14.486639022827148,,,5823113,5823113,10000000,13485169,10000000,27562995,12495691776,303094784,522190848,151485021391
holdem,modified_hulhe,optimised,modified-hulhe-k10-u8-grouped,,98,20260811,34506.27133605606,369.7581910341978,16.00576898897998,321.1324441449251,0.0,0.6533707976341248,3.4835400581359863,13.686824798583984,14.673174858093262,,,5880425,5880425,10000000,13627442,10000000,27857926,12531679232,303094784,522190848,151460663304
holdem,modified_hulhe,optimised,modified-hulhe-k10-u8-grouped,,99,20260811,34845.12969590211,371.3526021980215,15.967543713049963,322.89077411289327,0.0,0.6401695013046265,3.543829917907715,13.767924308776855,14.8909273147583,,,5941687,5941687,10000000,13761065,10000000,28148761,12569804800,303094784,522190848,151434626433
holdem,modified_hulhe,optimised,modified-hulhe-k10-u8-grouped,modified-hulhe-k10-u8-grouped_iter_100,100,20260811,35278.20404831506,465.54794762516394,16.509775874204934,320.0358845649753,96.52863594796509,0.6303128004074097,3.458630323410034,14.082964897155762,15.547575950622559,0.21687917411327362,0.22881928086280823,6000875,6000875,10000000,13918736,10000000,28464368,12650131456,303094784,522190848,151396012335
holdem,modified_hulhe,optimised,modified-hulhe-k10-u8-grouped,,101,20260811,35613.78763729008,368.0013065410312,16.237383148865774,319.3461351520382,0.0,0.6304957270622253,3.447094440460205,14.38404369354248,15.088187217712402,,,6066550,6066550,10000000,14053668,10000000,28758386,12560326656,296370688,515899392,151374826533
holdem,modified_hulhe,optimised,modified-hulhe-k10-u8-grouped,,102,20260811,35948.164554737974,366.99980430095457,15.757170839933679,318.6196903309319,0.0,0.6141678690910339,3.4159913063049316,14.744474411010742,15.327218055725098,,,6124293,6124293,10000000,14188893,10000000,29044924,12663037952,303094784,522190848,151350285149
holdem,modified_hulhe,optimised,modified-hulhe-k10-u8-grouped,,103,20260811,36283.52683497802,911.1102498269174,16.706309739965945,318.65593927982263,0.0,0.6089034080505371,3.3778510093688965,14.645464897155762,16.127689361572266,,,6181460,6181460,10000000,14344983,10000000,29354793,12607127552,303094784,522190848,151325988665
holdem,modified_hulhe,optimised,modified-hulhe-k10-u8-grouped,,104,20260811,36619.44893603702,368.79296560701914,16.843355090124533,319.0787038290873,0.0,0.6085233688354492,3.365382671356201,14.998957633972168,15.871682167053223,,,6247975,6247975,10000000,14501979,10000000,29675769,12647505920,303094784,522190848,151297719215
holdem,modified_hulhe,optimised,modified-hulhe-k10-u8-grouped,,105,20260811,36956.66635488509,369.93169256392866,16.557359003229067,320.660012295004,0.0,0.6018279194831848,3.376054525375366,15.441671371459961,16.41402816772461,,,6305210,6305210,10000000,14662300,10000000,29991290,12798971904,303094784,522190848,151273393701
holdem,modified_hulhe,optimised,modified-hulhe-k10-u8-grouped,,106,20260811,37288.580194913084,363.4533636488486,15.457135732052848,316.4566657631658,0.0,0.586686909198761,3.2261815071105957,15.377091407775879,16.293161392211914,,,6364716,6364716,10000000,14798126,10000000,30276490,12824231936,303094784,522190848,151248103034
holdem,modified_hulhe,optimised,modified-hulhe-k10-u8-grouped,,107,20260811,37619.711419336265,364.24082175502554,15.006664833053946,316.1245251041837,0.0,0.5874521732330322,3.2270493507385254,15.207646369934082,16.81341552734375,,,6423793,6423793,10000000,14914099,10000000,30537538,12829306880,303094784,522190848,151222994800
holdem,modified_hulhe,optimised,modified-hulhe-k10-u8-grouped,,108,20260811,37953.85984429531,958.3786275200546,15.949854463804513,318.19853432499804,0.0,0.5791930556297302,3.235353708267212,15.640693664550781,16.912975311279297,,,6478711,6478711,10000000,15057574,10000000,30827027,12874842112,303094784,522190848,151199653345
holdem,modified_hulhe,optimised,modified-hulhe-k10-u8-grouped,,109,20260811,38286.4479573532,365.04481086693704,16.096002047182992,316.4920672790613,0.0,0.5776994824409485,3.188490629196167,16.024066925048828,16.857114791870117,,,6535859,6535859,10000000,15197893,10000000,31125474,12899713024,303094784,522190848,151175364823
holdem,modified_hulhe,optimised,modified-hulhe-k10-u8-grouped,modified-hulhe-k10-u8-grouped_iter_110,110,20260811,38714.58106513019,461.04067242192104,15.959543104050681,316.70057770307176,95.47292823903263,0.5696549415588379,3.15554141998291,16.11181640625,16.889293670654297,0.219546377658844,0.23153403401374817,6590803,6590803,10000000,15341310,10000000,31422167,13005414400,303094784,522190848,151138554570
holdem,modified_hulhe,optimised,modified-hulhe-k10-u8-grouped,,111,20260811,39048.85255384818,366.4246902009472,16.346122080925852,317.9252902830485,0.0,0.5625815987586975,3.0694565773010254,16.168174743652344,17.286022186279297,,,6647321,6647321,10000000,15499228,10000000,31732146,12789329920,296370688,515899392,151121260360
holdem,modified_hulhe,optimised,modified-hulhe-k10-u8-grouped,,112,20260811,39380.99939582916,364.99264496797696,16.03665008605458,316.1101394260768,0.0,0.5680025219917297,3.1367383003234863,16.365577697753906,17.85117530822754,,,6703692,6703692,10000000,15642724,10000000,32028848,12891537408,303094784,522190848,151097302142
holdem,modified_hulhe,optimised,modified-hulhe-k10-u8-grouped,,113,20260811,39713.90452394122,365.43920332798734,16.569730737945065,316.33536766911857,0.0,0.5474573373794556,3.0668020248413086,16.55908966064453,17.34150505065918,,,6760414,6760414,10000000,15806045,10000000,32345914,12916736000,303094784,522190848,151073194805
holdem,modified_hulhe,optimised,modified-hulhe-k10-u8-grouped,,114,20260811,40048.44736204017,368.4899403171148,17.199168162886053,317.34362942003645,0.0,0.5429351329803467,3.0249953269958496,17.081520080566406,18.192895889282227,,,6817395,6817395,10000000,15977175,10000000,32674958,12875460608,303094784,522190848,151048977323
holdem,modified_hulhe,optimised,modified-hulhe-k10-u8-grouped,,115,20260811,40380.957380388165,365.0645184889436,15.6923322819639,316.81765026785433,0.0,0.5463206768035889,3.028773069381714,17.314355850219727,17.69659996032715,,,6874548,6874548,10000000,16104576,10000000,32954528,12963291136,303094784,522190848,151024686718
holdem,modified_hulhe,optimised,modified-hulhe-k10-u8-grouped,,116,20260811,40713.826967132045,366.1946203080006,16.061540853930637,316.8080127770081,0.0,0.53889000415802,2.9813919067382812,17.39583396911621,18.608495712280273,,,6937185,6937185,10000000,16247491,10000000,33254691,12987863040,303094784,522190848,150998065462
holdem,modified_hulhe,optimised,modified-hulhe-k10-u8-grouped,,117,20260811,41047.829149653204,367.0896012519952,16.136919206008315,317.8652136118617,0.0,0.5385005474090576,2.9489340782165527,17.430421829223633,18.940784454345703,,,6993478,6993478,10000000,16378547,10000000,33538350,13000753152,303094784,522190848,150974140398
holdem,modified_hulhe,optimised,modified-hulhe-k10-u8-grouped,,118,20260811,41382.03412889014,367.3796445680782,16.636619531782344,317.5683279738296,0.0,0.5292007923126221,2.9691998958587646,17.7114200592041,18.341434478759766,,,7053579,7053579,10000000,16535132,10000000,33856710,12959883264,303094784,522190848,150948596772
holdem,modified_hulhe,optimised,modified-hulhe-k10-u8-grouped,,119,20260811,41716.43332272931,368.13423772598617,16.678852868964896,317.7203062158078,0.0,0.5254788994789124,2.908066749572754,17.985353469848633,19.079639434814453,,,7108551,7108551,10000000,16694074,10000000,34165806,12999290880,303094784,522190848,150925233245
holdem,modified_hulhe,optimised,modified-hulhe-k10-u8-grouped,modified-hulhe-k10-u8-grouped_iter_120,120,20260811,42147.5838517684,464.2832619850524,16.315175655065104,319.2949540291447,95.54034131811932,0.5300117135047913,2.902841091156006,18.048831939697266,19.43605613708496,0.2215334177017212,0.22950893640518188,7167521,7167521,10000000,16840522,10000000,34473280,13139177472,303094784,522190848,150886711882
holdem,modified_hulhe,optimised,modified-hulhe-k10-u8-grouped,,121,20260811,42479.86428054841,365.29009086010046,16.621636357158422,315.6587250560988,0.0,0.520882785320282,2.9990413188934326,18.23279571533203,19.307899475097656,,,7229132,7229132,10000000,16996922,10000000,34781032,13115621376,296370688,515899392,139270635233
holdem,modified_hulhe,optimised,modified-hulhe-k10-u8-grouped,,122,20260811,42811.291047704406,366.1151603651233,16.207398819038644,315.21930192410946,0.0,0.5166631937026978,2.8620197772979736,18.300580978393555,19.784141540527344,,,7286156,7286156,10000000,17149069,10000000,35085362,13143359488,303094784,522190848,139246399577
holdem,modified_hulhe,optimised,modified-hulhe-k10-u8-grouped,,123,20260811,43141.06905956846,364.3065280939918,15.031808502972126,314.7461684849113,0.0,0.5195557475090027,2.825352191925049,18.35845947265625,19.654767990112305,,,7341108,7341108,10000000,17280872,10000000,35363922,13167251456,303094784,522190848,139223044493
holdem,modified_hulhe,optimised,modified-hulhe-k10-u8-grouped,,124,20260811,43471.466298905434,365.0941104821395,15.277205745922402,315.1199990171008,0.0,0.5051146149635315,2.8084018230438232,18.181764602661133,19.424819946289062,,,7401305,7401305,10000000,17418229,10000000,35656618,13206073344,303094784,522190848,139197460037
holdem,modified_hulhe,optimised,modified-hulhe-k10-u8-grouped,,125,20260811,43803.199746940285,366.34389095613733,15.231220782967284,316.5021855030209,0.0,0.4979243874549866,2.8425557613372803,18.511672973632812,20.154600143432617,,,7461554,7461554,10000000,17543909,10000000,35930844,13217538048,303094784,522190848,139171853655
holdem,modified_hulhe,optimised,modified-hulhe-k10-u8-grouped,,126,20260811,44135.60394649743,367.16560716810636,15.261748790042475,317.14241406694055,0.0,0.4944714605808258,2.7982802391052246,18.374717712402344,19.682100296020508,,,7519085,7519085,10000000,17671334,10000000,36208681,13231521792,303094784,522190848,139147402507
holdem,modified_hulhe,optimised,modified-hulhe-k10-u8-grouped,,127,20260811,44466.62929653446,365.2928972339723,15.756995233008638,315.26831499813125,0.0,0.4910734295845032,2.784111261367798,18.633460998535156,19.762718200683594,,,7580587,7580587,10000000,17808393,10000000,36497141,13283983360,303094784,522190848,139121263423
holdem,modified_hulhe,optimised,modified-hulhe-k10-u8-grouped,,128,20260811,44798.53617129731,366.5484019869473,15.847206006059423,316.059639191255,0.0,0.4897722601890564,2.70686411857605,18.53426742553711,20.55555534362793,,,7642509,7642509,10000000,17953342,10000000,36792520,13303185408,303094784,522190848,139094946165
holdem,modified_hulhe,optimised,modified-hulhe-k10-u8-grouped,,129,20260811,45130.48923453735,366.5825741358567,15.48745670588687,316.46556995483115,0.0,0.4822644889354706,2.6993892192840576,18.76079559326172,19.795011520385742,,,7704259,7704259,10000000,18097465,10000000,37091756,13334335488,303094784,522190848,139068701936
holdem,modified_hulhe,optimised,modified-hulhe-k10-u8-grouped,modified-hulhe-k10-u8-grouped_iter_130,130,20260811,45557.27457634127,462.135453223018,15.367691691732034,316.5186112348456,94.89898140891455,0.488059937953949,2.6612465381622314,18.885652542114258,20.250328063964844,0.2232448011636734,0.23451712727546692,7766493,7766493,10000000,18230615,10000000,37378400,13503348736,303094784,522190848,139028793307
holdem,modified_hulhe,optimised,modified-hulhe-k10-u8-grouped,,131,20260811,45893.63642093842,370.5684337448329,15.864871365018189,320.49691785709,0.0,0.47745129466056824,2.64583158493042,19.037267684936523,19.725406646728516,,,7827499,7827499,10000000,18364978,10000000,37667007,13345865728,296370688,515899392,139009591702
holdem,modified_hulhe,optimised,modified-hulhe-k10-u8-grouped,,132,20260811,46226.07092063036,365.970355062047,14.87152147013694,317.56291229696944,0.0,0.4758847653865814,2.6498355865478516,18.83060646057129,19.73321533203125,,,7884043,7884043,10000000,18487446,10000000,37941540,13393813504,303094784,522190848,138985559951
holdem,modified_hulhe,optimised,modified-hulhe-k10-u8-grouped,,133,20260811,46558.55290751415,367.34037569887005,15.000610321993008,317.4813425790053,0.0,0.46737420558929443,2.619809627532959,19.066951751708984,20.4202938079834,,,7938502,7938502,10000000,18617853,10000000,38219693,13401743360,303094784,522190848,138962414409
holdem,modified_hulhe,optimised,modified-hulhe-k10-u8-grouped,,134,20260811,46890.53836382623,367.11735029891133,15.623109621927142,316.36231294902973,0.0,0.4718632698059082,2.612517833709717,18.77452850341797,20.04758071899414,,,7995396,7995396,10000000,18751273,10000000,38509876,13419188224,303094784,522190848,138938233886
holdem,modified_hulhe,optimised,modified-hulhe-k10-u8-grouped,,135,20260811,47223.4855583373,368.6869803869631,15.46181402192451,317.4853439209983,0.0,0.46112263202667236,2.5673775672912598,18.95494842529297,20.31751823425293,,,8057559,8057559,10000000,18883875,10000000,38793850,13447184384,303094784,522190848,138911814037
holdem,modified_hulhe,optimised,modified-hulhe-k10-u8-grouped,,136,20260811,47555.09660961642,950.2247447690461,15.07804328482598,316.5329758140724,0.0,0.461629182100296,2.5598297119140625,18.660924911499023,20.111406326293945,,,8113086,8113086,10000000,18993563,10000000,39051335,13403033600,303094784,522190848,138888214514
holdem,modified_hulhe,optimised,modified-hulhe-k10-u8-grouped,,137,20260811,47899.21160406829,380.49957345519215,16.051675050053746,328.063282602001,0.0,0.46489349007606506,2.5841681957244873,18.89847183227539,20.33070182800293,,,8175294,8175294,10000000,19111646,10000000,39324912,13433733120,303094784,522190848,138861773135
holdem,modified_hulhe,optimised,modified-hulhe-k10-u8-grouped,,138,20260811,48231.839219239075,368.0487974300049,15.764205021085218,316.86336530698463,0.0,0.4612179696559906,2.531494140625,18.971826553344727,20.283658981323242,,,8234944,8234944,10000000,19250322,10000000,39612362,13519224832,303094784,522190848,138836421128
holdem,modified_hulhe,optimised,modified-hulhe-k10-u8-grouped,,139,20260811,48569.30678073689,374.50139863207005,16.262965738074854,321.20455945376307,0.0,0.44564685225486755,2.5540313720703125,18.899181365966797,20.774812698364258,,,8292596,8292596,10000000,19395040,10000000,39910014,13542318080,303094784,522190848,138811918656
holdem,modified_hulhe,optimised,modified-hulhe-k10-u8-grouped,modified-hulhe-k10-u8-grouped_iter_140,140,20260811,48996.610983727034,462.58398375310935,15.114502056268975,317.1866754810326,95.00298442598432,0.44763460755348206,2.502443790435791,18.88642120361328,20.21732521057129,0.22318947315216064,0.23490768671035767,8349776,8349776,10000000,19515458,10000000,40179457,13729144832,303094784,522190848,138774157991
holdem,modified_hulhe,optimised,modified-hulhe-k10-u8-grouped,,141,20260811,49328.78355305898,368.0444767528679,15.06568750902079,317.10681383498013,0.0,0.43799450993537903,2.474454641342163,18.742612838745117,19.921524047851562,,,8404430,8404430,10000000,19642232,10000000,40457384,13524348928,296370688,515899392,138757656159
holdem,modified_hulhe,optimised,modified-hulhe-k10-u8-grouped,,142,20260811,49659.0047690901,365.88926071394235,14.890587769914418,315.3305729369167,0.0,0.44258564710617065,2.4875588417053223,18.81873893737793,20.001401901245117,,,8461800,8461800,10000000,19768340,10000000,40734369,13556686848,303094784,522190848,138733273301
holdem,modified_hulhe,optimised,modified-hulhe-k10-u8-grouped,,143,20260811,49989.54822511994,365.85433690901846,14.64471532823518,315.89870552602224,0.0,0.44341209530830383,2.4336483478546143,18.951045989990234,19.886615753173828,,,8515112,8515112,10000000,19892244,10000000,41004419,13631242240,303094784,522190848,138710615115
holdem,modified_hulhe,optimised,modified-hulhe-k10-u8-grouped,,144,20260811,50326.34557727398,373.2826718669385,15.198835013899952,321.59848220204003,0.0,0.4379557967185974,2.4016451835632324,19.28142547607422,20.365938186645508,,,8568628,8568628,10000000,20032103,10000000,41297342,13651197952,303094784,522190848,138687870236
holdem,modified_hulhe,optimised,modified-hulhe-k10-u8-grouped,,145,20260811,50663.55113234208,374.21767540019937,15.23029425018467,321.9752248618752,0.0,0.432135671377182,2.4527838230133057,19.0701961517334,20.10302734375,,,8620639,8620639,10000000,20170889,10000000,41582184,13682671616,303094784,522190848,138665765010
holdem,modified_hulhe,optimised,modified-hulhe-k10-u8-grouped,,146,20260811,51000.68031815789,1558.510151114082,15.84998010401614,321.27916914387606,0.0,0.4246375858783722,2.426377296447754,19.265350341796875,20.128095626831055,,,8677026,8677026,10000000,20305797,10000000,41875236,13635293184,303094784,522190848,138641799831
holdem,modified_hulhe,optimised,modified-hulhe-k10-u8-grouped,,147,20260811,51332.689314121846,930.5595012919512,15.291008468018845,316.7179503971711,0.0,0.4256209433078766,2.398883581161499,19.120283126831055,20.41301727294922,,,8728329,8728329,10000000,20444853,10000000,42161664,13646114816,303094784,522190848,138619995442
holdem,modified_hulhe,optimised,modified-hulhe-k10-u8-grouped,,148,20260811,51666.31049806997,369.4318159390241,15.261288576293737,318.35985912405886,0.0,0.42682215571403503,2.3649961948394775,19.11229705810547,20.383779525756836,,,8782408,8782408,10000000,20577160,10000000,42445474,13660618752,303094784,522190848,138597011306
holdem,modified_hulhe,optimised,modified-hulhe-k10-u8-grouped,,149,20260811,51996.69613541104,950.3843665779568,15.506313199875876,314.8792870119214,0.0,0.41857942938804626,2.330622673034668,19.3882999420166,20.3895263671875,,,8838778,8838778,10000000,20719933,10000000,42744776,13765238784,303094784,522190848,138573053443
holdem,modified_hulhe,optimised,modified-hulhe-k10-u8-grouped,modified-hulhe-k10-u8-grouped_iter_150,150,20260811,52424.871743210126,462.9713460979983,16.449543917085975,317.79998744209297,93.92602606397122,0.418110728263855,2.3163909912109375,19.427465438842773,20.589746475219727,0.22345878183841705,0.23341087996959686,8895328,8895328,10000000,20875986,10000000,43060052,13777223680,303094784,522190848,138535560432
holdem,modified_hulhe,optimised,modified-hulhe-k10-u8-grouped,,151,20260811,52762.034216538304,372.1959846650716,15.345799536909908,321.8165777998511,0.0,0.41801977157592773,2.355323076248169,19.448104858398438,21.056638717651367,,,8948806,8948806,10000000,21014267,10000000,43348964,13817884672,296370688,515899392,126188615232
holdem,modified_hulhe,optimised,modified-hulhe-k10-u8-grouped,,152,20260811,53095.54362485325,1556.257085168967,16.04795699613169,317.4613863362465,0.0,0.41479939222335815,2.303466558456421,19.576324462890625,20.54095458984375,,,9004651,9004651,10000000,21160012,10000000,43650083,13771591680,303094784,522190848,126164878531
holdem,modified_hulhe,optimised,modified-hulhe-k10-u8-grouped,,153,20260811,53429.80632205424,369.6609264158178,15.404416396049783,318.85824203281663,0.0,0.4084998071193695,2.304459810256958,19.42963409423828,21.79073143005371,,,9065359,9065359,10000000,21294092,10000000,43942217,13862920192,303094784,522190848,126139077208
holdem,modified_hulhe,optimised,modified-hulhe-k10-u8-grouped,,154,20260811,53765.89851108217,371.41364983911626,15.748307227855548,320.3438551190775,0.0,0.4034867584705353,2.2544703483581543,19.929155349731445,20.783649444580078,,,9125392,9125392,10000000,21432541,10000000,44237413,13884723200,303094784,522190848,126113562576
holdem,modified_hulhe,optimised,modified-hulhe-k10-u8-grouped,,155,20260811,54102.2070209221,371.98330411990173,14.92086752387695,321.3876037830487,0.0,0.40980058908462524,2.292198419570923,19.649065017700195,21.249271392822266,,,9178441,9178441,10000000,21564718,10000000,44515087,13847478272,303094784,522190848,126091016197
holdem,modified_hulhe,optimised,modified-hulhe-k10-u8-grouped,,156,20260811,54435.323848153,367.9602181178052,15.020129717187956,318.09666160610504,0.0,0.39889267086982727,2.2361648082733154,20.015993118286133,20.89546775817871,,,9237501,9237501,10000000,21687304,10000000,44795844,13937061888,303094784,522190848,126065915196
holdem,modified_hulhe,optimised,modified-hulhe-k10-u8-grouped,,157,20260811,54770.13273880188,371.0258478811011,14.92491988488473,319.88393356394954,0.0,0.4056641459465027,2.194756507873535,19.800941467285156,20.994461059570312,,,9294206,9294206,10000000,21817220,10000000,45077228,13976555520,303094784,522190848,126041815156
holdem,modified_hulhe,optimised,modified-hulhe-k10-u8-grouped,,158,20260811,55105.73832824291,371.9058099379763,15.62857753993012,319.97698176605627,0.0,0.3968046307563782,2.2357935905456543,19.938426971435547,21.04730796813965,,,9349383,9349383,10000000,21952205,10000000,45367128,13985681408,303094784,522190848,126018364267
holdem,modified_hulhe,optimised,modified-hulhe-k10-u8-grouped,,159,20260811,55440.939690042986,370.51175060193054,15.737075001001358,319.4642574239988,0.0,0.39132970571517944,2.2179715633392334,19.951663970947266,21.755268096923828,,,9406364,9406364,10000000,22094421,10000000,45666051,13988339712,303094784,522190848,125994146722
holdem,modified_hulhe,optimised,modified-hulhe-k10-u8-grouped,modified-hulhe-k10-u8-grouped_iter_160,160,20260811,55873.007387602935,469.22898995806463,16.046683070017025,321.3356791259721,94.68529592896812,0.3923639953136444,2.211785316467285,20.280698776245117,21.020830154418945,0.2240513116121292,0.23370057344436646,9468499,9468499,10000000,22248126,10000000,45980385,14078955520,303094784,522190848,125954280265
holdem,modified_hulhe,optimised,modified-hulhe-k10-u8-grouped,,161,20260811,56211.011050411034,374.6219401611015,16.355917535023764,321.64768728311174,0.0,0.39085468649864197,2.1652863025665283,20.156494140625,21.528953552246094,,,9534286,9534286,10000000,22393806,10000000,46287735,14016626688,296370688,515899392,125933046916
holdem,modified_hulhe,optimised,modified-hulhe-k10-u8-grouped,,162,20260811,56544.294378628954,368.84453178802505,15.489469527034089,317.7937990769278,0.0,0.38089719414711,2.1331100463867188,20.190628051757812,21.413238525390625,,,9589170,9589170,10000000,22540883,10000000,46591609,14070792192,303094784,522190848,125909720506
holdem,modified_hulhe,optimised,modified-hulhe-k10-u8-grouped,,163,20260811,56877.63721674401,371.25573640386574,16.978769727051258,316.364034924889,0.0,0.3800520896911621,2.152043104171753,20.543136596679688,21.81293296813965,,,9646854,9646854,10000000,22708098,10000000,46924254,14114537472,303094784,522190848,125885204301
holdem,modified_hulhe,optimised,modified-hulhe-k10-u8-grouped,,164,20260811,57214.65800540801,373.7064604649786,15.554890101077035,321.46586235333234,0.0,0.3821606934070587,2.1290645599365234,20.64861488342285,21.3295841217041,,,9708830,9708830,10000000,22844230,10000000,47216390,14137589760,303094784,522190848,125858864005
holdem,modified_hulhe,optimised,modified-hulhe-k10-u8-grouped,,165,20260811,57549.61734317988,371.08450056705624,15.771283545065671,319.18801996298134,0.0,0.37672629952430725,2.1320414543151855,20.538476943969727,21.736865997314453,,,9767579,9767579,10000000,22978682,10000000,47507245,14117113856,303094784,522190848,125833894973
holdem,modified_hulhe,optimised,modified-hulhe-k10-u8-grouped,,166,20260811,57884.41407811083,371.62965334695764,15.800392799079418,318.99630479118787,0.0,0.37196218967437744,2.0894367694854736,20.79768943786621,21.666799545288086,,,9828442,9828442,10000000,23124970,10000000,47813008,14190096384,303094784,522190848,125808027760
holdem,modified_hulhe,optimised,modified-hulhe-k10-u8-grouped,,167,20260811,58219.11683273385,371.2058215679135,14.809676702832803,319.8930440347176,0.0,0.372519850730896,2.1273624897003174,20.732070922851562,21.456989288330078,,,9887676,9887676,10000000,23246338,10000000,48090159,14157836288,303094784,522190848,125782852837
holdem,modified_hulhe,optimised,modified-hulhe-k10-u8-grouped,,168,20260811,58555.0214710969,2164.946601429023,16.151130344951525,319.7534775021486,0.0,0.3787240982055664,2.0873334407806396,20.74207305908203,21.63025665283203,,,9946806,9946806,10000000,23399049,10000000,48401583,14191267840,303094784,522190848,125757721735
holdem,modified_hulhe,optimised,modified-hulhe-k10-u8-grouped,,169,20260811,58890.37815169082,372.66881927801296,15.958035639952868,319.3985474999063,0.0,0.45528778433799744,2.1011879444122314,20.948015213012695,21.834917068481445,,,10000000,10009807,10000000,23540836,10000000,48703783,14264799232,303094784,522190848,125735113472
holdem,modified_hulhe,optimised,modified-hulhe-k10-u8-grouped,modified-hulhe-k10-u8-grouped_iter_170,170,20260811,59321.32293748483,467.41314306412823,16.023228539852425,320.5482721601147,94.37320870999247,0.7891982197761536,2.376544952392578,21.233659744262695,21.396484375,0.224177286028862,0.23654432594776154,10000000,10072563,10000000,23669747,10000000,48995312,14430953472,303094784,522190848,125721654382
holdem,modified_hulhe,optimised,modified-hulhe-k10-u8-grouped,,171,20260811,59660.09239787189,936.4788063000888,15.633213075110689,323.1361828108784,0.0,0.9389520287513733,2.5771594047546387,20.672046661376953,22.308021545410156,,,10000000,10131053,10000000,23802550,10000000,49281536,14256283648,296370688,515899392,125728380431
holdem,modified_hulhe,optimised,modified-hulhe-k10-u8-grouped,,172,20260811,59996.473221177,951.6283816241194,15.86896238126792,320.51179297594354,0.0,1.1691408157348633,2.702871799468994,20.971464157104492,21.74472427368164,,,10000000,10190701,10000000,23955182,10000000,49591770,14256386048,303094784,522190848,125728379716
holdem,modified_hulhe,optimised,modified-hulhe-k10-u8-grouped,,173,20260811,60332.82265749597,373.6436548589263,15.68368211411871,320.6657219938934,0.0,1.446126937866211,2.946294069290161,20.95650863647461,22.18458366394043,,,10000000,10253962,10000000,24086958,10000000,49886576,14256451584,303094784,522190848,125728379132
holdem,modified_hulhe,optimised,modified-hulhe-k10-u8-grouped,,174,20260811,60668.7118892679,373.42500969883986,15.94808581797406,319.9411106661428,0.0,1.7171545028686523,3.2756452560424805,21.047523498535156,22.121227264404297,,,10000000,10309861,10000000,24236603,10000000,50192357,14256463872,303094784,522190848,125728378613
holdem,modified_hulhe,optimised,modified-hulhe-k10-u8-grouped,,175,20260811,61005.29181641899,969.278549432056,15.445278302999213,321.13462104368955,0.0,1.9424394369125366,3.5174572467803955,20.66691017150879,22.104167938232422,,,10000000,10370192,10000000,24361767,10000000,50475819,14129782784,303094784,522190848,125728377934
holdem,modified_hulhe,optimised,modified-hulhe-k10-u8-grouped,,176,20260811,61340.43704661215,372.2931218871381,15.354776402004063,319.79041826399043,0.0,2.2267425060272217,3.644693374633789,21.174999237060547,22.244848251342773,,,10000000,10426242,10000000,24494241,10000000,50765847,14191968256,303094784,522190848,125728377411
holdem,modified_hulhe,optimised,modified-hulhe-k10-u8-grouped,,177,20260811,61674.88984833215,371.113224562956,15.063117111800238,319.3896470160689,0.0,2.3737945556640625,4.0921831130981445,20.83938980102539,21.768327713012695,,,10000000,10487998,10000000,24620912,10000000,51047634,14196477952,303094784,522190848,125728376887
holdem,modified_hulhe,optimised,modified-hulhe-k10-u8-grouped,,178,20260811,62013.717610202264,377.09179735998623,16.522006415063515,322.3057250981219,0.0,2.6007537841796875,3.8940443992614746,21.225608825683594,21.938817977905273,,,10000000,10547575,10000000,24772187,10000000,51359161,14196682752,303094784,522190848,125728376237
holdem,modified_hulhe,optimised,modified-hulhe-k10-u8-grouped,,179,20260811,62350.61825897521,373.7067879009992,16.28237357805483,320.61824901681393,0.0,2.8678483963012695,4.315462589263916,21.27337074279785,22.46455192565918,,,10000000,10605979,10000000,24921001,10000000,51667087,14196264960,303094784,522190848,125728375647
holdem,modified_hulhe,optimised,modified-hulhe-k10-u8-grouped,modified-hulhe-k10-u8-grouped_iter_180,180,20260811,62780.09011241631,465.99597933795303,15.941021271981299,319.5788103810046,93.95197099098004,2.8197431564331055,4.274840831756592,21.52750015258789,22.74577522277832,0.22273795306682587,0.23394985496997833,10000000,10660090,10000000,25064582,10000000,51964123,14407798784,303094784,522190848,125714916684
holdem,modified_hulhe,optimised,modified-hulhe-k10-u8-grouped,,181,20260811,63122.16082563531,376.6611722270027,16.17779602087103,325.8928370771464,0.0,3.0910680294036865,4.264371871948242,21.370464324951172,22.67140007019043,,,10000000,10720504,10000000,25204810,10000000,52258387,14133469184,296370688,515899392,112921205313
holdem,modified_hulhe,optimised,modified-hulhe-k10-u8-grouped,,182,20260811,63459.375837193336,374.1866697559599,15.941709715174511,321.27324629807845,0.0,3.165576457977295,4.632920742034912,21.397262573242188,22.040746688842773,,,10000000,10778221,10000000,25334416,10000000,52541240,14200164352,303094784,522190848,112921204821
holdem,modified_hulhe,optimised,modified-hulhe-k10-u8-grouped,,183,20260811,63793.686200551456,375.48059311392717,15.023351165698841,319.28698349767365,0.0,3.4413671493530273,4.7691192626953125,21.35655975341797,22.93199920654297,,,10000000,10837363,10000000,25467198,10000000,52835015,14200205312,303094784,522190848,112921204297
holdem,modified_hulhe,optimised,modified-hulhe-k10-u8-grouped,,184,20260811,64134.69277323433,378.930736994138,15.981317401165143,325.02522210916504,0.0,3.618023633956909,5.178894519805908,21.396745681762695,22.289236068725586,,,10000000,10900156,10000000,25607920,10000000,53142543,14133645312,303094784,522190848,112921203644
holdem,modified_hulhe,optimised,modified-hulhe-k10-u8-grouped,,185,20260811,64470.5776279422,376.6638301280327,16.210523152025416,319.67430502711795,0.0,3.8121843338012695,5.2157816886901855,21.322845458984375,23.433645248413086,,,10000000,10958566,10000000,25758432,10000000,53452933,14199169024,303094784,522190848,112921203122
holdem,modified_hulhe,optimised,modified-hulhe-k10-u8-grouped,,186,20260811,64805.42741406127,966.1774055240676,15.583100704941899,319.26665084878914,0.0,3.981560468673706,5.383840560913086,21.525304794311523,22.12333869934082,,,10000000,11016132,10000000,25900437,10000000,53749259,14200496128,303094784,522190848,112921202442
holdem,modified_hulhe,optimised,modified-hulhe-k10-u8-grouped,,187,20260811,65144.26394586149,374.9292420342099,15.454017938813195,323.3824797649868,0.0,4.2627153396606445,5.369008541107178,21.59002685546875,22.736268997192383,,,10000000,11072521,10000000,26033152,10000000,54035339,14200188928,303094784,522190848,112921201920
holdem,modified_hulhe,optimised,modified-hulhe-k10-u8-grouped,,188,20260811,65482.77570452751,955.5574936680496,15.67152811982669,322.84019316593185,0.0,4.37380313873291,5.672201633453369,21.615219116210938,22.756603240966797,,,10000000,11132505,10000000,26164202,10000000,54324501,14133710848,303094784,522190848,112921201242
holdem,modified_hulhe,optimised,modified-hulhe-k10-u8-grouped,,189,20260811,65819.33318416565,373.9247110148426,15.872636239277199,320.6848113981541,0.0,4.513291835784912,5.8471293449401855,21.603965759277344,22.924701690673828,,,10000000,11191625,10000000,26305444,10000000,54632120,14197018624,303094784,522190848,112921200721
holdem,modified_hulhe,optimised,modified-hulhe-k10-u8-grouped,modified-hulhe-k10-u8-grouped_iter_190,190,20260811,66251.61466469173,1040.6466650369111,15.530184242641553,321.4775465792045,95.27369945915416,4.692920207977295,5.78387975692749,21.823932647705078,22.35155487060547,0.22644981741905212,0.23338548839092255,10000000,11247534,10000000,26437822,10000000,54920117,14323556352,303094784,522190848,112907741473
holdem,modified_hulhe,optimised,modified-hulhe-k10-u8-grouped,,191,20260811,66590.90591136063,377.13486456894316,16.1897143938113,323.1014541478362,0.0,4.800642967224121,6.369256973266602,21.83855628967285,22.754058837890625,,,10000000,11305583,10000000,26583999,10000000,55222030,14245187584,296370688,515899392,112914467611
holdem,modified_hulhe,optimised,modified-hulhe-k10-u8-grouped,,192,20260811,66926.58600934665,372.80329242302105,16.367097008042037,319.31293077603914,0.0,4.962149143218994,5.994114875793457,21.795866012573242,23.009653091430664,,,10000000,11362906,10000000,26731724,10000000,55532054,14254002176,303094784,522190848,112914467027
holdem,modified_hulhe,optimised,modified-hulhe-k10-u8-grouped,,193,20260811,67262.31911196164,372.15941683691926,15.927792408969253,319.80528606986627,0.0,5.158198356628418,6.648831844329834,21.97435760498047,23.25029945373535,,,10000000,11419651,10000000,26867402,10000000,55828120,14247747584,303094784,522190848,112914466503
holdem,modified_hulhe,optimised,modified-hulhe-k10-u8-grouped,,194,20260811,67597.83905744879,1524.017608691007,15.709088241914287,319.8108259169385,0.0,5.234969615936279,6.743585586547852,21.97344970703125,22.988527297973633,,,10000000,11478702,10000000,27006409,10000000,56123595,14260355072,303094784,522190848,112914465797
holdem,modified_hulhe,optimised,modified-hulhe-k10-u8-grouped,,195,20260811,67935.47523813974,375.04832760384306,16.079005426028743,321.5570640740916,0.0,5.489232540130615,6.68386697769165,21.835033416748047,23.27756118774414,,,10000000,11535987,10000000,27155841,10000000,56430459,14258282496,303094784,522190848,112914465212
holdem,modified_hulhe,optimised,modified-hulhe-k10-u8-grouped,,196,20260811,68275.4067645208,377.7229694589041,15.868311612866819,324.0631818359252,0.0,5.656427383422852,6.9763078689575195,22.097524642944336,23.91712188720703,,,10000000,11596981,10000000,27304273,10000000,56744096,14249910272,303094784,522190848,112914464627
holdem,modified_hulhe,optimised,modified-hulhe-k10-u8-grouped,,197,20260811,68613.58974794764,376.9234799738042,16.32932170527056,321.8536240509711,0.0,5.8281145095825195,6.866963863372803,22.06145477294922,23.000476837158203,,,10000000,11654681,10000000,27461543,10000000,57060989,14247829504,303094784,522190848,112914464106
holdem,modified_hulhe,optimised,modified-hulhe-k10-u8-grouped,,198,20260811,68950.76178840757,374.934639840154,15.311296039028093,321.86071025789715,0.0,5.813673973083496,7.247819900512695,22.31664276123047,23.416034698486328,,,10000000,11711623,10000000,27590788,10000000,57345276,14203953152,303094784,522190848,112914463521
holdem,modified_hulhe,optimised,modified-hulhe-k10-u8-grouped,,199,20260811,69289.22015241045,375.71429772512056,15.869599857833236,322.58872921112925,0.0,6.026559829711914,7.2657880783081055,22.17923355102539,23.276012420654297,,,10000000,11771659,10000000,27735164,10000000,57654652,14252068864,303094784,522190848,112914463064
holdem,modified_hulhe,optimised,modified-hulhe-k10-u8-grouped,modified-hulhe-k10-u8-grouped_iter_200,200,20260811,69721.42793698958,469.54034953098744,15.553269628202543,321.39215151406825,95.26231763884425,6.151348114013672,7.718066215515137,21.884002685546875,23.239843368530273,0.22530336678028107,0.23604023456573486,10000000,11829569,10000000,27871394,10000000,57945313,14416928768,303094784,522190848,112901003904
holdem,modified_hulhe,optimised,modified-hulhe-k10-u8-grouped,,201,20260811,70060.3765859236,375.3391935771797,15.942769094835967,323.0058134919964,0.0,6.289618015289307,7.460501194000244,22.10064697265625,22.843584060668945,,,10000000,11883844,10000000,28009813,10000000,58237449,14179897344,296370688,515899392,112907729848
holdem,modified_hulhe,optimised,modified-hulhe-k10-u8-grouped,,202,20260811,70400.03779171756,963.7985029770061,15.049389105290174,324.61175202811137,0.0,6.415550231933594,7.733852863311768,21.978723526000977,23.513397216796875,,,10000000,11942707,10000000,28134523,10000000,58516563,14132940800,303094784,522190848,112907729236
holdem,modified_hulhe,optimised,modified-hulhe-k10-u8-grouped,,203,20260811,70734.72102263058,372.2702884899918,15.297736006090418,319.3854619252961,0.0,6.689200401306152,7.919600486755371,22.18687629699707,23.265628814697266,,,10000000,11995381,10000000,28263326,10000000,58794472,14177943552,303094784,522190848,112907728713
holdem,modified_hulhe,optimised,modified-hulhe-k10-u8-grouped,,204,20260811,71072.46822452941,374.0315895918757,16.019042984116822,321.7281238480937,0.0,6.836507797241211,8.199459075927734,22.124197006225586,23.931970596313477,,,10000000,12053917,10000000,28403202,10000000,59096989,14310248448,303094784,522190848,112907728257
holdem,modified_hulhe,optimised,modified-hulhe-k10-u8-grouped,,205,20260811,71406.78938535438,933.9074395010248,14.778840394923463,319.54228113614954,0.0,6.835799217224121,8.334887504577637,22.281728744506836,23.211824417114258,,,10000000,12115251,10000000,28533870,10000000,59381853,14327672832,303094784,522190848,112907727451
holdem,modified_hulhe,optimised,modified-hulhe-k10-u8-grouped,,206,20260811,71744.59564310522,376.04752623895183,15.46272670594044,322.3434963899199,0.0,7.006444931030273,8.429156303405762,22.028907775878906,23.257415771484375,,,10000000,12170741,10000000,28676449,10000000,59677606,14256173056,303094784,522190848,112907726992
holdem,modified_hulhe,optimised,modified-hulhe-k10-u8-grouped,,207,20260811,72082.96657028724,958.5762587210629,15.950729209929705,322.4201650801115,0.0,7.247507572174072,8.558564186096191,21.955251693725586,23.01093292236328,,,10000000,12227432,10000000,28818637,10000000,59976934,14179377152,303094784,522190848,112907726442
holdem,modified_hulhe,optimised,modified-hulhe-k10-u8-grouped,,208,20260811,72418.39266644628,373.0322169130668,15.517481042305008,319.9085797793232,0.0,7.340690612792969,8.656210899353027,22.12159538269043,23.0633487701416,,,10000000,12282371,10000000,28950916,10000000,60264941,14258778112,303094784,522190848,112907725665
holdem,modified_hulhe,optimised,modified-hulhe-k10-u8-grouped,,209,20260811,72755.3116892553,375.38145050778985,15.963095791870728,320.9558933340013,0.0,7.611022472381592,8.798157691955566,22.1113224029541,23.345949172973633,,,10000000,12338181,10000000,29108468,10000000,60582413,14292201472,303094784,522190848,112907725274
holdem,modified_hulhe,optimised,modified-hulhe-k10-u8-grouped,modified-hulhe-k10-u8-grouped_iter_210,210,20260811,73187.26065334538,1077.4045378249139,15.754696069052443,322.10344295203686,94.09078602399677,7.781416893005371,8.783543586730957,22.064428329467773,23.696107864379883,0.2273646891117096,0.2345733344554901,10000000,12398857,10000000,29243632,10000000,60875558,14378491904,303094784,522190848,112894265964
holdem,modified_hulhe,optimised,modified-hulhe-k10-u8-grouped,,211,20260811,73526.66327535035,375.23665531002916,15.627721964847296,323.77484014909714,0.0,7.9047746658325195,8.955592155456543,22.2659912109375,23.045330047607422,,,10000000,12455981,10000000,29377886,10000000,61158481,14173212672,296370688,515899392,100100551105
holdem,modified_hulhe,optimised,modified-hulhe-k10-u8-grouped,,212,20260811,73859.87511698226,369.8853418531362,14.855610698927194,318.3561761798337,0.0,8.059146881103516,9.165470123291016,22.119182586669922,23.35906410217285,,,10000000,12515185,10000000,29495078,10000000,61430831,14241050624,303094784,522190848,100100550454
holdem,modified_hulhe,optimised,modified-hulhe-k10-u8-grouped,,213,20260811,74192.99959597131,370.4718008560594,14.274230730952695,318.85022159828804,0.0,8.348104476928711,9.292827606201172,22.062744140625,23.66696548461914,,,10000000,12570465,10000000,29605220,10000000,61689447,14245326848,303094784,522190848,100100549933
holdem,modified_hulhe,optimised,modified-hulhe-k10-u8-grouped,,214,20260811,74533.93272586027,1511.2840783740394,15.527853501960635,325.40523937600665,0.0,8.360218048095703,9.306249618530273,22.199954986572266,23.26117706298828,,,10000000,12625025,10000000,29746705,10000000,61982337,14250614784,303094784,522190848,100100549230
holdem,modified_hulhe,optimised,modified-hulhe-k10-u8-grouped,,215,20260811,74868.7765986782,370.6501849289052,15.814017332857475,319.0298188761808,0.0,8.333877563476562,9.588907241821289,22.19100570678711,22.946840286254883,,,10000000,12680574,10000000,29894812,10000000,62288147,14238912512,303094784,522190848,100100548707
holdem,modified_hulhe,optimised,modified-hulhe-k10-u8-grouped,,216,20260811,75202.87561294017,370.04597818898037,14.345704207895324,319.7532787860837,0.0,8.522603034973145,9.932852745056152,22.172861099243164,22.916522979736328,,,10000000,12736863,10000000,30004114,10000000,62545824,14244880384,303094784,522190848,100100548060
holdem,modified_hulhe,optimised,modified-hulhe-k10-u8-grouped,,217,20260811,75545.1395599281,378.4351418619044,16.398504300042987,325.86540790088475,0.0,8.649086952209473,9.923500061035156,22.256725311279297,23.616491317749023,,,10000000,12793728,10000000,30147315,10000000,62848820,14240301056,303094784,522190848,100100547601
holdem,modified_hulhe,optimised,modified-hulhe-k10-u8-grouped,,218,20260811,75881.8382373401,372.42593519203365,15.2789801240433,321.4196724211797,0.0,8.718121528625488,9.54782485961914,22.1914119720459,23.98008155822754,,,10000000,12849465,10000000,30280476,10000000,63140107,14176587776,303094784,522190848,100100547143
holdem,modified_hulhe,optimised,modified-hulhe-k10-u8-grouped,,219,20260811,76218.75619980111,373.3793126239907,14.421713394811377,322.49620661488734,0.0,8.782111167907715,9.939421653747559,22.432281494140625,24.075584411621094,,,10000000,12903592,10000000,30394466,10000000,63406709,14239784960,303094784,522190848,100100546435
holdem,modified_hulhe,optimised,modified-hulhe-k10-u8-grouped,modified-hulhe-k10-u8-grouped_iter_220,220,20260811,76646.60011459421,464.16680019698106,15.240701301256195,319.0022260970436,93.60093755205162,8.953022003173828,10.314949035644531,22.36492156982422,23.351593017578125,0.22537021338939667,0.23469425737857819,10000000,12957705,10000000,30520163,10000000,63684647,14256951296,303094784,522190848,100087087341
holdem,modified_hulhe,optimised,modified-hulhe-k10-u8-grouped,,221,20260811,76981.91759496205,370.86584404087625,15.32165854680352,319.99577916017734,0.0,9.007621765136719,10.249775886535645,22.443082809448242,23.28558921813965,,,10000000,13013645,10000000,30655904,10000000,63976332,14235758592,296370688,515899392,100093813388
holdem,modified_hulhe,optimised,modified-hulhe-k10-u8-grouped,,222,20260811,77316.85687566292,371.4967257929966,15.97093107085675,318.96830194001086,0.0,9.075016021728516,10.347295761108398,22.409364700317383,24.312833786010742,,,10000000,13068733,10000000,30804031,10000000,64284275,14252146688,303094784,522190848,100093812801
holdem,modified_hulhe,optimised,modified-hulhe-k10-u8-grouped,,223,20260811,77652.29962154804,941.5053958669305,15.424464511917904,320.0182498830836,0.0,9.162650108337402,10.281538963317871,22.460847854614258,23.761024475097656,,,10000000,13123850,10000000,30934876,10000000,64566710,14241873920,303094784,522190848,100093812250
holdem,modified_hulhe,optimised,modified-hulhe-k10-u8-grouped,,224,20260811,77987.26711477805,370.9053492161911,16.001005362952128,318.96644770982675,0.0,9.279644966125488,10.397483825683594,22.12686538696289,23.659677505493164,,,10000000,13180592,10000000,31084135,10000000,64874197,14241914880,303094784,522190848,100093811727
holdem,modified_hulhe,optimised,modified-hulhe-k10-u8-grouped,,225,20260811,78323.0035893349,371.6879386890214,16.252404500963166,319.48401466105133,0.0,9.249410629272461,10.543220520019531,22.36012077331543,24.220979690551758,,,10000000,13235027,10000000,31239058,10000000,65183424,14241927168,303094784,522190848,100093811140
holdem,modified_hulhe,optimised,modified-hulhe-k10-u8-grouped,,226,20260811,78655.46550502884,368.5089556120802,14.315358872059733,318.14652324910276,0.0,9.448822975158691,11.01897144317627,22.426694869995117,23.560874938964844,,,10000000,13289256,10000000,31355815,10000000,65447537,14247612416,303094784,522190848,100093810554
holdem,modified_hulhe,optimised,modified-hulhe-k10-u8-grouped,,227,20260811,78998.30590772978,378.96235737996176,15.6191708620172,327.2212028161157,0.0,9.322298049926758,10.97862434387207,22.534090042114258,23.96990394592285,,,10000000,13347363,10000000,31504158,10000000,65754309,14248939520,303094784,522190848,100093810095
holdem,modified_hulhe,optimised,modified-hulhe-k10-u8-grouped,,229,20260811,79672.28232472762,371.78137743705884,14.557273400016129,321.5153410162311,0.0,9.50539493560791,10.829304695129395,22.485336303710938,24.115158081054688,,,10000000,13460023,10000000,31755401,10000000,66316311,14264758272,296370688,515899392,100093805630
holdem,modified_hulhe,optimised,modified-hulhe-k10-u8-grouped,modified-hulhe-k10-u8-grouped_iter_230,230,20260811,80106.31373094767,469.5561434060801,15.326093938201666,323.79626885498874,94.90897820307873,9.850541114807129,10.815834045410156,22.37125015258789,24.311120986938477,0.2245817333459854,0.2349696010351181,10000000,13517305,10000000,31886382,10000000,66609875,14430334976,303094784,522190848,100080346538
holdem,modified_hulhe,optimised,modified-hulhe-k10-u8-grouped,,231,20260811,80448.62318912963,378.1762015130371,15.137008695863187,327.17240458074957,0.0,10.02338695526123,11.162046432495117,22.42873764038086,24.228139877319336,,,10000000,13575163,10000000,32011158,10000000,66886721,14186016768,296370688,515899392,100087072445
holdem,modified_hulhe,optimised,modified-hulhe-k10-u8-grouped,,232,20260811,80784.68933128472,372.4750402360223,15.039206279208884,321.02687718486413,0.0,10.087946891784668,11.131857872009277,22.510303497314453,23.544967651367188,,,10000000,13635426,10000000,32134848,10000000,67167972,14251503616,303094784,522190848,100087071922
holdem,modified_hulhe,optimised,modified-hulhe-k10-u8-grouped,,233,20260811,81119.78545784671,371.01810060301796,15.12657538196072,319.96952077304013,0.0,10.02688217163086,11.53493881225586,22.627696990966797,24.397945404052734,,,10000000,13692309,10000000,32270050,10000000,67455902,14253940736,303094784,522190848,100087071461
holdem,modified_hulhe,optimised,modified-hulhe-k10-u8-grouped,,234,20260811,81456.1129168747,371.62995297298767,15.097932026954368,321.22949189390056,0.0,10.214125633239746,11.347213745117188,22.725805282592773,23.642623901367188,,,10000000,13751806,10000000,32383222,10000000,67724649,14140174336,303094784,522190848,100087070874
holdem,modified_hulhe,optimised,modified-hulhe-k10-u8-grouped,,235,20260811,81792.52517268667,372.6252381741069,15.21180407796055,321.2004265168216,0.0,10.167649269104004,11.396760940551758,22.525840759277344,23.525129318237305,,,10000000,13805095,10000000,32521874,10000000,68012399,14261383168,303094784,522190848,100087070350
holdem,modified_hulhe,optimised,modified-hulhe-k10-u8-grouped,,236,20260811,82131.66991814761,375.74927687388845,15.731790785910562,323.4129230948165,0.0,10.243879318237305,11.593910217285156,22.604175567626953,24.8262996673584,,,10000000,13860048,10000000,32663051,10000000,68310238,14189662208,303094784,522190848,100087069763
holdem,modified_hulhe,optimised,modified-hulhe-k10-u8-grouped,,237,20260811,82466.81839529471,371.10633038706146,15.729749996913597,319.4186949301511,0.0,10.478346824645996,11.600485801696777,22.62030792236328,24.57643699645996,,,10000000,13918881,10000000,32802635,10000000,68614087,14206447616,303094784,522190848,100087069240
holdem,modified_hulhe,optimised,modified-hulhe-k10-u8-grouped,,238,20260811,82803.77894113865,972.9487132139038,15.271001802757382,321.6895152749494,0.0,10.398667335510254,11.735466957092285,22.58491325378418,24.6402530670166,,,10000000,13978047,10000000,32918744,10000000,68887089,14256828416,303094784,522190848,100087068561
holdem,modified_hulhe,optimised,modified-hulhe-k10-u8-grouped,,239,20260811,83142.5636276938,375.10234465799294,15.560753476805985,323.22389562800527,0.0,10.682588577270508,11.915359497070312,22.76096534729004,24.049087524414062,,,10000000,14032336,10000000,33054159,10000000,69177965,14253998080,303094784,522190848,100087068104
holdem,modified_hulhe,optimised,modified-hulhe-k10-u8-grouped,modified-hulhe-k10-u8-grouped_iter_240,240,20260811,83578.36416762788,472.7047882070765,14.930869913194329,325.36125449603423,95.50836964696646,10.59327507019043,11.950277328491211,22.517534255981445,23.69915008544922,0.2266131341457367,0.23635277152061462,10000000,14094713,10000000,33172514,10000000,69455225,14351839232,303094784,522190848,100073608882
